series,episode,title,stardate,airdate
DS9,0,Emissary,46379.1,"3 Jan, 1993"
DS9,1,Past Prologue,Unknown,"11 Jan, 1993"
DS9,2,A Man Alone,46421.5,"17 Jan, 1993"
DS9,3,Babel,46423.7,"25 Jan, 1993"
DS9,4,Captive Pursuit,Unknown,"1 Feb, 1993"
DS9,5,Q-less,46531.2,"8 Feb, 1993"
DS9,6,Dax,46910.1,"15 Feb, 1993"
DS9,7,The Passenger,Unknown,"22 Feb, 1993"
DS9,8,Move Along Home,Unknown,"15 Mar, 1993"
DS9,9,The Nagus,Unknown,"22 Mar, 1993"
DS9,10,Vortex,Unknown,"19 Apr, 1993"
DS9,11,Battle Lines,Unknown,"26 Apr, 1993"
DS9,12,The Storyteller,46729.1,"3 May, 1993"
DS9,13,Progress,46844.3,"10 May, 1993"
DS9,14,If Wishes Were Horses,46853.2,"17 May, 1993"
DS9,15,The Forsaken,46925.1,"24 May, 1993"
DS9,16,Dramatis Personae,46922.3,"31 May, 1993"
DS9,17,Duet,Unknown,"14 Jun, 1993"
DS9,18,In the Hands of the Prophets,Unknown,"21 Jun, 1993"
DS9,19,The Homecoming,Unknown,"27 Sep, 1993"
DS9,20,The Circle,Unknown,"4 Oct, 1993"
DS9,21,The Siege,Unknown,"11 Oct, 1993"
DS9,22,Invasive Procedures,47182.1,"18 Oct, 1993"
DS9,23,Cardassians,47177.2,"25 Oct, 1993"
DS9,24,Melora,47229.1,"1 Nov, 1993"
DS9,25,Rules of Acquisition,Unknown,"8 Nov, 1993"
DS9,26,Necessary Evil,47282.5,"15 Nov, 1993"
DS9,27,Second Sight,47329.4,"22 Nov, 1993"
DS9,28,Sanctuary,47391.2,"29 Nov, 1993"
DS9,29,Rivals,Unknown,"3 Jan, 1994"
DS9,30,The Alternate,47391.7,"10 Jan, 1994"
DS9,31,Armageddon Game,Unknown,"31 Jan, 1994"
DS9,32,Whispers,47552.1,"7 Feb, 1994"
DS9,33,Paradise,47573.1,"14 Feb, 1994"
DS9,34,Shadowplay,47603.3,"21 Feb, 1994"
DS9,35,Playing God,Unknown,"28 Feb, 1994"
DS9,36,Profit and Loss,Unknown,"21 Mar, 1994"
DS9,37,Blood Oath,Unknown,"27 Mar, 1994"
DS9,38,The Maquis Part 1,Unknown,"24 Apr, 1994"
DS9,39,The Maquis Part 2,Unknown,"1 May, 1994"
DS9,40,The Wire,Unknown,"8 May, 1994"
DS9,41,Crossover,Unknown,"15 May, 1994"
DS9,42,The Collaborator,Unknown,"22 May, 1994"
DS9,43,Tribunal,47944.2,"6 Jun, 1994"
DS9,44,The Jem'Hadar,Unknown,"13 Jun, 1994"
DS9,45,The Search Part 1,48212.4,"26 Sep, 1994"
DS9,46,The Search Part 2,Unknown,"3 Oct, 1994"
DS9,47,The House of Quark,Unknown,"10 Oct, 1994"
DS9,48,Equilibrium,Unknown,"17 Oct, 1994"
DS9,49,Second Skin,Unknown,"24 Oct, 1994"
DS9,50,The Abandoned,Unknown,"31 Oct, 1994"
DS9,51,Civil Defense,Unknown,"7 Nov, 1994"
DS9,52,Meridian,48423.2,"14 Nov, 1994"
DS9,53,Defiant,48467.3,"21 Nov, 1994"
DS9,54,Fascination,Unknown,"28 Nov, 1994"
DS9,55,Past Tense Part 1,48481.2,"2 Jan, 1995"
DS9,56,Past Tense Part 2,Unknown,"9 Jan, 1995"
DS9,57,Life Support,48498.4,"30 Jan, 1995"
DS9,58,Heart of Stone,48521.5,"6 Feb, 1995"
DS9,59,Destiny,48543.2,"13 Feb, 1995"
DS9,60,Prophet Motive,Unknown,"20 Feb, 1995"
DS9,61,Visionary,Unknown,"27 Feb, 1995"
DS9,62,Distant Voices,Unknown,"10 Apr, 1995"
DS9,63,Through The Looking Glass,Unknown,"17 Apr, 1995"
DS9,64,Improbable Cause,Unknown,"24 Apr, 1995"
DS9,65,The Die Is Cast,Unknown,"1 May, 1995"
DS9,66,Explorers,Unknown,"8 May, 1995"
DS9,67,Family Business,Unknown,"15 May, 1995"
DS9,68,Shakaar,Unknown,"22 May, 1995"
DS9,69,Facets,Unknown,"12 Jun, 1995"
DS9,70,The Adversary,48959.1,"19 Jun, 1995"
DS9,71,The Way of the Warrior,49011.4,"2 Oct, 1995"
DS9,72,The Visitor,Unknown,"9 Oct, 1995"
DS9,73,Hippocratic Oath,49066.5,"16 Oct, 1995"
DS9,74,Indiscretion,Unknown,"23 Oct, 1995"
DS9,75,Rejoined,49195.5,"30 Oct, 1995"
DS9,76,Starship Down,49263.5,"6 Nov, 1995"
DS9,77,Little Green Men,Unknown,"13 Nov, 1995"
DS9,78,The Sword of Kahless,Unknown,"20 Nov, 1995"
DS9,79,Our Man Bashir,Unknown,"27 Nov, 1995"
DS9,80,Homefront,Unknown,"1 Jan, 1996"
DS9,81,Paradise Lost,Unknown,"8 Jan, 1996"
DS9,82,Crossfire,Unknown,"29 Jan, 1996"
DS9,83,Return To Grace,Unknown,"5 Feb, 1996"
DS9,84,The Sons of Mogh,49556.2,"12 Feb, 1996"
DS9,85,Bar Association,Unknown,"19 Feb, 1996"
DS9,86,Accession,Unknown,"26 Feb, 1996"
DS9,87,Rules of Engagement,49665.3,"8 Apr, 1996"
DS9,88,Hard Time,Unknown,"15 Apr, 1996"
DS9,89,Shattered Mirror,Unknown,"22 Apr, 1996"
DS9,90,The Muse,Unknown,"29 Apr, 1996"
DS9,91,For The Cause,Unknown,"6 May, 1996"
DS9,92,To The Death,49904.2,"13 May, 1996"
DS9,93,The Quickening,Unknown,"20 May, 1996"
DS9,94,Body Parts,Unknown,"10 Jun, 1996"
DS9,95,Broken Link,49962.4,"17 Jun, 1996"
DS9,96,Apocalypse Rising,Unknown,"30 Sep, 1996"
DS9,97,The Ship,50049.3,"7 Oct, 1996"
DS9,98,Looking for Par'Mach In All The Wrong Places,Unknown,"14 Oct, 1996"
DS9,99,Nor The Battle To The Strong,Unknown,"21 Oct, 1996"
DS9,100,The Assignment,Unknown,"28 Oct, 1996"
DS9,101,Trials and Tribble-ations,Unknown,"4 Nov, 1996"
DS9,102,Let He Who Is Without Sin,Unknown,"11 Nov1, 1996"
DS9,103,Things Past,Unknown,"18 Nov, 1996"
DS9,104,The Ascent,Unknown,"25 Nov, 1996"
DS9,105,Rapture,Unknown,"30 Dec, 1996"
DS9,106,The Darkness And The Light,50417.2,"6 Jan, 1997"
DS9,107,The Begotten,Unknown,"27 Jan, 1997"
DS9,108,For The Uniform,50485.2,"3 Feb, 1997"
DS9,109,In Purgatory's Shadow,Unknown,"10 Feb, 1997"
DS9,110,By Inferno's Light,50564.2,"17 Feb, 1997"
DS9,111,"Doctor Bashir, I Presume",Unknown,"24 Feb, 1997"
DS9,112,A Simple Investigation,Unknown,"31 Mar, 1997"
DS9,113,Business as Usual,Unknown,"7 Apr, 1997"
DS9,114,Ties of Blood and Water,50712.5,"14 Apr, 1997"
DS9,115,Ferengi Love Songs,Unknown,"21 Apr, 1997"
DS9,116,Soldiers of the Empire,Unknown,"28 Apr, 1997"
DS9,117,Children of Time,50814.2,"5 May, 1997"
DS9,118,Blaze of Glory,Unknown,"12 May, 1997"
DS9,119,Empok Nor,Unknown,"19 May, 1997"
DS9,120,In The Cards,50929.4,"9 Jun, 1997"
DS9,121,Call To Arms,50975.2,"16 Jun, 1997"
DS9,122,A Time To Stand,Unknown,"29 Sep, 1997"
DS9,123,Rocks And Shoals,Unknown,"6 Oct, 1997"
DS9,124,Sons And Daughters,Unknown,"13 Oct, 1997"
DS9,125,Behind The Lines,51145.3,"20 Oct, 1997"
DS9,126,Favour The Bold,Unknown,"27 Oct, 1997"
DS9,127,Sacrifice of Angels,Unknown,"3 Nov, 1997"
DS9,128,You Are Cordially Invited,51247.5,"10 Nov, 1997"
DS9,129,Resurrection,Unknown,"17 Nov, 1997"
DS9,130,Statistical Probabilities,Unknown,"24 Nov, 1997"
DS9,131,The Magnificent Ferengi,Unknown,"29 Dec, 1997"
DS9,132,Waltz,51408.6,"5 Jan, 1998"
DS9,133,Who Mourns For Morn?,Unknown,"2 Feb, 1998"
DS9,134,Far Beyond The Stars,Unknown,"9 Feb, 1998"
DS9,135,One Little Ship,51474.2,"16 Feb, 1998"
DS9,136,Honour Among Thieves,Unknown,"23 Feb, 1998"
DS9,137,Change Of Heart,51597.2,"2 Mar, 1998"
DS9,138,Wrongs Darker Than Death Or Night,Unknown,"30 Mar, 1998"
DS9,139,Inquisition,Unknown,"6 Apr, 1998"
DS9,140,In The Pale Moonlight,51721.3,"13 Apr, 1998"
DS9,141,His Way,Unknown,"20 Apr, 1998"
DS9,142,The Reckoning,Unknown,"27 Apr, 1998"
DS9,143,Valiant,51825.4,"4 May, 1998"
DS9,144,Profit And Lace,Unknown,"11 May, 1998"
DS9,145,Time's Orphan,Unknown,"18 May, 1998"
DS9,146,The Sound Of Her Voice,51948.3,"8 Jun, 1998"
DS9,147,Tears Of The Prophets,Unknown,"15 Jun, 1998"
DS9,148,Image In The Sand,Unknown,"28 Sep, 1998"
DS9,149,Shadows And Symbols,52152.6,"5 Oct, 1998"
DS9,150,Afterimage,Unknown,"12 Oct, 1998"
DS9,151,Take Me Out To The Holosuite,Unknown,"19 Oct, 1998"
DS9,152,Chrysalis,Unknown,"26 Oct, 1998"
DS9,153,"Treachery, Faith and the Great River",Unknown,"2 Nov, 1998"
DS9,154,Once More Unto The Breach,Unknown,"9 Nov, 1998"
DS9,155,Siege of AR-558,Unknown,"16 Nov, 1998"
DS9,156,Covenant,Unknown,"23 Nov, 1998"
DS9,157,It's Only A Paper Moon,Unknown,"28 Dec, 1998"
DS9,158,Prodigal Daughter,Unknown,"14 Jan, 1999"
DS9,159,The Emperor's New Cloak,Unknown,"1 Feb, 1999"
DS9,160,Field of Fire,Unknown,"8 Feb, 1999"
DS9,161,Chimera,Unknown,"15 Feb, 1999"
DS9,162,"Badda-Bing, Badda-Bang",Unknown,"22 Feb, 1999"
DS9,163,Inter Arma Enim Silent Leges,Unknown,"1 Mar, 1999"
DS9,164,Penumbra,52576.2,"5 Apr, 1999"
DS9,165,Till Death Us Do Part,Unknown,"12 Apr, 1999"
DS9,166,Strange Bedfellows,Unknown,"19 Apr, 1999"
DS9,167,The Changing Face of Evil,Unknown,"26 Apr, 1999"
DS9,168,When It Rains...,Unknown,"3 May, 1999"
DS9,169,Tacking Into The Wind,Unknown,"10 May, 1999"
DS9,170,Extreme Measures,Unknown,"17 May, 1999"
DS9,171,The Dogs Of War,Unknown,"24 May, 1999"
DS9,172,What You Leave Behind,Unknown,"31 May, 1999"
TOS,0,The Cage,Not given,Not given
TOS,1,The Man Trap,1513.1,"8 Sep, 1966"
TOS,2,Charlie X,1533.6,"15 Sep, 1966"
TOS,3,Where No Man Has Gone Before,1312.4,"22 Sep, 1966"
TOS,4,The Naked Time,1704.2,"29 Sep, 1966"
TOS,5,The Enemy Within,1672.1,"6 Oct, 1966"
TOS,6,Mudd's Women,1329.8,"13 Oct, 1966"
TOS,7,What Are Little Girls Made Of?,2712.4,"20 Oct, 1966"
TOS,8,Miri,2713.5,"Oct 27, 1966"
TOS,9,Dagger Of The Mind,2715.1,"3 Nov, 1966"
TOS,10,The Corbomite Maneuver,1512.2,"10 Nov, 1966"
TOS,11,The Menagerie Part 1,3012.4,"17 Nov, 1966"
TOS,12,The Menagerie Part 2,3012.4,"24 Nov, 1966"
TOS,13,The Conscience of the King,2817.6,"8 Dec, 1966"
TOS,14,Balance of Terror,1709.2,"15 Dec, 1966"
TOS,15,Shore Leave,3025.3,"29 Dec, 1966"
TOS,16,The Galileo Seven,2821.5,"5 Jan, 1967"
TOS,17,The Squire of Gothos,2124.5,"12 Jan, 1967"
TOS,18,Arena,3045.6,"19 Jan, 1967"
TOS,19,Tomorrow is Yesterday,3113.2,"26 Jan, 1967"
TOS,20,Court Martial,2947.3,"2 Feb, 1967"
TOS,21,The Return of The Archons,3156.2,"9 Feb, 1967"
TOS,22,Space Seed,3141.9,"16 Feb, 1967"
TOS,23,A Taste of Armageddon,3192.1,"23 Feb, 1967"
TOS,24,This Side of Paradise,3417.3,"2 Mar, 1967"
TOS,25,The Devil In The Dark,3196.1,"9 Mar, 1967"
TOS,26,Errand of Mercy,3198.4,"23 Mar, 1967"
TOS,27,The Alternative Factor,3087.6,"30 Mar, 1967"
TOS,28,The City on the Edge of Forever,3134.0,"6 Apr, 1967"
TOS,29,Operation: Annihilate!,3287.2,"13 Apr, 1967"
TOS,30,Amok Time,3372.7,"15 Sep, 1967"
TOS,31,Who Mourns For Adonais?,3468.1,"22 Sep, 1967"
TOS,32,The Changeling,3451.9,"29 Sep, 1967"
TOS,33,"Mirror, Mirror",Unknown,"6 Oct, 1967"
TOS,34,The Apple,3715.3,"13 Oct, 1967"
TOS,35,The Doomsday Machine,4202.9,"20 Oct, 1967"
TOS,36,Catspaw,3018.2,"27 Oct, 1967"
TOS,37,"I, Mudd",4513.3,"3 Nov, 1967"
TOS,38,Metamorphosis,Unknown,"10 Nov, 1967"
TOS,39,Journey to Babel,3842.3,"17 Nov, 1967"
TOS,40,Friday's Child,3497.2,"1 Dec, 1967"
TOS,41,The Deadly Years,3478.2,"8 Dec, 1967"
TOS,42,Obsession,3619.2,"15 Dec, 1967"
TOS,43,Wolf In The Fold,3614.9,"22 Dec, 1967"
TOS,44,The Trouble With Tribbles,4523.3,"29 Dec, 1967"
TOS,45,The Gamesters Of Triskelion,3211.7,"5 Jan, 1968"
TOS,46,A Piece Of The Action,4598.0,"12 Jan, 1968"
TOS,47,The Immunity Syndrome,4307.1,"19 Jan, 1968"
TOS,48,A Private Little War,4211.4,"2 Feb, 1968"
TOS,49,Return To Tomorrow,4768.3,"9 Feb, 1968"
TOS,50,Patterns Of Force,2534.0,"16 Feb, 1968"
TOS,51,By Any Other Name,4657.5,"23 Feb, 1968"
TOS,52,The Omega Glory,Unknown,"1 Mar, 1968"
TOS,53,The Ultimate Computer,4729.4,"8 Mar, 1968"
TOS,54,Bread And Circuses,4040.7,"15 Mar, 1968"
TOS,55,Assignment: Earth,Unknown,"29 Mar, 1968"
TOS,56,Spock's Brain,5431.4,"20 Sep, 1968"
TOS,57,The Enterprise Incident,5027.3,"27 Sep, 1968"
TOS,58,The Paradise Syndrome,4842.6,"4 Oct, 1968"
TOS,59,And The Children Shall Lead,5029.5,"11 Oct, 1968"
TOS,60,Is There In Truth No Beauty?,5630.7,"18 Oct, 1968"
TOS,61,Spectre Of The Gun,4385.3,"25 Oct, 1968"
TOS,62,The Day Of The Dove,Unknown,"1 Nov, 1968"
TOS,63,For The World Is Hollow And I Have Touched The Sky,5476.3,"8 Nov, 1968"
TOS,64,The Tholian Web,5693.2,"15 Nov, 1968"
TOS,65,Plato's Stepchildren,5784.2,"22 Nov, 1968"
TOS,66,Wink Of An Eye,5710.5,"29 Nov, 1968"
TOS,67,The Empath,5121.5,"6 Dec, 1968"
TOS,68,Elaan of Troyius,4372.5,"20 Dec, 1968"
TOS,69,Whom Gods Destroy,5718.3,"3 Jan, 1969"
TOS,70,Let That Be Your Last Battlefield,5730.2,"10 Jan, 1969"
TOS,71,The Mark Of Gideon,5423.4,"17 Jan, 1969"
TOS,72,That Which Survives,Unknown,"24 Jan, 1969"
TOS,73,The Lights Of Zetar,5725.3,"31 Jan, 1969"
TOS,74,Requiem For Methuselah,5843.7,"14 Feb, 1969"
TOS,75,The Way To Eden,5832.3,"21 Feb, 1969"
TOS,76,The Cloud Minders,5818.4,"28 Feb, 1969"
TOS,77,The Savage Curtain,5906.4,"7 Mar, 1969"
TOS,78,All Our Yesterdays,5943.7,"14 Mar, 1969"
TOS,79,Turnabout Intruder,5928.5,"3 Jun, 1969"
TAS,0,Beyond The Farthest Star,5221.3,"8 Sep, 1973"
TAS,1,Yesteryear,5373.4,"15 Sep, 1973"
TAS,2,One Of Our Planets Is Missing,5371.3,"22 Sep, 1973"
TAS,3,The Lorelei Signal,5483.7,"29 Sep, 1973"
TAS,4,"More Tribbles, More Troubles",5392.4,"6 Oct, 1973"
TAS,5,The Survivor,5143.3,"10 Oct, 1973"
TAS,6,The Infinite Vulcan,5554.4,"20 Oct, 1973"
TAS,7,The Magicks of Megas-Tu,1254.4,"27 Oct, 1973"
TAS,8,Once Upon A Planet,5591.2,"3 Nov, 1973"
TAS,9,Mudd's Passion,4978.5,"10 Nov, 1973"
TAS,10,The Terratin Incident,5577.3,"17 Nov, 1973"
TAS,11,The Time Trap,5267.6,"24 Nov, 1973"
TAS,12,The Ambergris Element,5499.9,"1 Dec, 1973"
TAS,13,The Slaver Weapon,4187.3,"15 Dec, 1973"
TAS,14,The Eye of the Beholder,5501.2,"5 Jan, 1974"
TAS,15,The Jihad,5683.1,"12 Jan, 1974"
TAS,16,The Pirates of Orion,6334.1,"7 Sep, 1974"
TAS,17,Bem,7403.6,"Sep 14, 1974"
TAS,18,The Practical Joker,3183.3,"21 Sep, 1974"
TAS,19,Albatross,5275.6,"28 Sep, 1974"
TAS,20,How Sharper Than A Serpent's Tooth,6063.4,"5 Oct, 1974"
TAS,21,The Counter-Clock Incident,6770.3,"12 Oct, 1974"
TNG,0,Encounter at Farpoint,41153.7,"28 Sep, 1987"
TNG,1,The Naked Now,41209.2,"5 Oct, 1987"
TNG,2,Code Of Honour,41235.25,"12 Oct, 1987"
TNG,3,The Last Outpost,41386.4,"19 Oct, 1987"
TNG,4,Where No One Has Gone Before,41263.1,"26 Oct, 1987"
TNG,5,Lonely Among Us,41249.3,"2 Nov, 1987"
TNG,6,Justice,41255.6,"9 Nov, 1987"
TNG,7,The Battle,41723.9,"16 Nov, 1987"
TNG,8,Hide and Q,41590.5,"23 Nov, 1987"
TNG,9,Haven,41294.5,"30 Nov, 1987"
TNG,10,The Big Goodbye,41997.7,"11 Jan, 1988"
TNG,11,Datalore,41242.4,"18 Jan, 1988"
TNG,12,Angel One,41636.9,"25 Jan, 1988"
TNG,13,11001001,41365.9,"1 Feb, 1988"
TNG,14,Too Short A Season,41309.5,"8 Feb, 1988"
TNG,15,When The Bough Breaks,41509.1,"15 Feb, 1988"
TNG,16,Home Soil,41463.9,"22 Feb, 1988"
TNG,17,Coming Of Age,41461.2,"14 Mar, 1988"
TNG,18,Heart Of Glory,41503.7,"21 Mar, 1988"
TNG,19,The Arsenal Of Freedom,41798.2,"11 Apr, 1988"
TNG,20,Symbiosis,Unknown,"18 Apr, 1988"
TNG,21,Skin of Evil,41601.3,"25 Apr, 1988"
TNG,22,We'll Always Have Paris,41697.9,"2 May, 1988"
TNG,23,Conspiracy,41775.5,"9 May, 1988"
TNG,24,The Neutral Zone,41986.0,"16 May, 1988"
TNG,25,The Child,42073.1,"21 Nov, 1988"
TNG,26,Where Silence Has Lease,42193.6,"28 Nov, 1988"
TNG,27,"Elementary, Dear Data",42486.3,"5 Dec, 1988"
TNG,28,The Outrageous Okona,42502.7,"12 Dec, 1988"
TNG,29,Loud As A Whisper,42477.2,"9 Jan, 1989"
TNG,30,The Schizoid Man,42437.5,"23 Jan, 1989"
TNG,31,Unnatural Selection,42494.8,"30 Jan, 1989"
TNG,32,A Matter of Honour,42506.5,"6 Feb, 1989"
TNG,33,The Measure Of A Man,42523.7,"13 Feb, 1989"
TNG,34,The Dauphin,42568.8,"20 Feb, 1989"
TNG,35,Contagion,42609.1,"20 Mar, 1989"
TNG,36,The Royale,42626.4,"27 Mar, 1989"
TNG,37,Time Squared,42679.2,"3 Apr, 1989"
TNG,38,The Icarus Factor,42686.4,"24 Apr, 1989"
TNG,39,Pen Pals,42695.3,"1 May, 1989"
TNG,40,Q Who?,42761.3,"8 May, 1989"
TNG,41,Samaritan Snare,42779.1,"15 May, 1989"
TNG,42,Up The Long Ladder,42823.2,"22 May, 1989"
TNG,43,Manhunt,42859.2,"19 Jun, 1989"
TNG,44,The Emissary,42901.3,"29 Jun, 1989"
TNG,45,Peak Performance,42923.4,"10 Jul, 1989"
TNG,46,Shades of Gray,42976.1,"17 Jul, 1989"
TNG,47,Evolution,43125.8,"25 Sep, 1989"
TNG,48,The Ensigns of Command,43133.3,"2 Oct, 1989"
TNG,49,The Survivors,43152.4,"9 Oct, 1989"
TNG,50,Who Watches The Watchers,43173.5,"16 Oct, 1989"
TNG,51,The Bonding,43198.7,"23 Oct, 1989"
TNG,52,Booby Trap,43205.6,"30 Oct, 1989"
TNG,53,The Enemy,43349.2,"6 Nov, 1989"
TNG,54,The Price,43385.6,"13 Nov, 1989"
TNG,55,The Vengeance Factor,43421.9,"20 Nov, 1989"
TNG,56,The Defector,43462.5,"1 Jan, 1990"
TNG,57,The Hunted,43489.2,"8 Jan, 1990"
TNG,58,The High Ground,43510.7,"29 Jan, 1990"
TNG,59,Deja Q,43539.1,"5 Feb, 1990"
TNG,60,A Matter of Perspective,43610.4,"12 Feb, 1990"
TNG,61,Yesterday's Enterprise,43625.2,"19 Feb, 1990"
TNG,62,The Offspring,43657.0,"12 Mar, 1990"
TNG,63,Sins of the Father,43685.2,"19 Mar, 1990"
TNG,64,Allegiance,43714.1,"26 Mar, 1990"
TNG,65,Captain's Holiday,43745.2,"2 Apr, 1990"
TNG,66,Tin Man,43779.3,"23 Apr, 1990"
TNG,67,Hollow Pursuits,43807.4,"30 Apr, 1990"
TNG,68,The Most Toys,43872.2,"7 May, 1990"
TNG,69,Sarek,43917.4,"14 May, 1990"
TNG,70,Menage A Troi,43930.7,"28 May, 1990"
TNG,71,Transfigurations,43957.2,"4 Jun, 1990"
TNG,72,The Best of Both Worlds Part 1,43989.1,"18 Jun, 1990"
TNG,73,The Best of Both Worlds Part 2,44001.4,"24 Sep, 1990"
TNG,74,Family,44012.3,"1 Oct, 1990"
TNG,75,Brothers,44085.7,"8 Oct, 1990"
TNG,76,Suddenly Human,44143.7,"15 Oct, 1990"
TNG,77,Remember Me,44161.2,"22 Oct, 1990"
TNG,78,Legacy,44215.2,"29 Oct, 1990"
TNG,79,Reunion,44246.3,"5 Nov, 1990"
TNG,80,Future Imperfect,44286.5,"12 Nov, 1990"
TNG,81,Final Mission,44307.3,"19 Nov, 1990"
TNG,82,The Loss,44356.9,"31 Dec, 1990"
TNG,83,Data's Day,44390.1,"7 Jan, 1991"
TNG,84,The Wounded,44429.6,"28 Jan, 1991"
TNG,85,Devil's Due,44474.5,"4 Feb, 1991"
TNG,86,Clues,44502.7,"11 Feb, 1991"
TNG,87,First Contact,Unknown,"18 Feb, 1991"
TNG,88,Galaxy's Child,44614.6,"11 Mar, 1991"
TNG,89,Night Terrors,44631.2,"18 Mar, 1991"
TNG,90,Identity Crisis,44664.5,"25 Mar, 1991"
TNG,91,The Nth Degree,44704.2,"1 Apr, 1991"
TNG,92,Qpid,44741.9,"22 Apr, 1991"
TNG,93,The Drumhead,44769.2,"29 Apr, 1991"
TNG,94,Half A Life,44805.3,"6 May, 1991"
TNG,95,The Host,44821.3,"13 May, 1991"
TNG,96,The Mind's Eye,44885.5,"27 May, 1991"
TNG,97,In Theory,44932.3,"3 Jun, 1991"
TNG,98,Redemption Part 1,44995.3,"17 Jun, 1991"
TNG,99,Redemption Part 2,45020.4,"23 Sep, 1991"
TNG,100,Darmok,45047.2,"30 Sep, 1991"
TNG,101,Ensign Ro,45076.3,"7 Oct, 1991"
TNG,102,Silicon Avatar,45122.3,"14 Oct, 1991"
TNG,103,Disaster,45156.1,"21 Oct, 1991"
TNG,104,The Game,45208.2,"28 Oct, 1991"
TNG,105,Unification Part 1,45236.4,"4 Nov, 1991"
TNG,106,Unification Part 2,45245.8,"11 Nov, 1991"
TNG,107,A Matter of Time,45349.1,"18 Nov, 1991"
TNG,108,New Ground,45376.3,"6 Jan, 1992"
TNG,109,Hero Worship,45397.3,"27 Jan, 1992"
TNG,110,Violations,45429.3,"3 Feb, 1992"
TNG,111,The Masterpiece Society,45470.1,"10 Feb, 1992"
TNG,112,Conundrum,45494.2,"17 Feb, 1992"
TNG,113,Power Play,45571.2,"24 Feb, 1992"
TNG,114,Ethics,45587.3,"2 Mar, 1992"
TNG,115,The Outcast,45614.6,"16 Mar, 1992"
TNG,116,Cause and Effect,45652.1,"23 Mar, 1992"
TNG,117,The First Duty,45703.9,"30 Mar, 1992"
TNG,118,Cost of Living,45733.6,"20 Apr, 1992"
TNG,119,The Perfect Mate,45761.3,"27 Apr, 1992"
TNG,120,Imaginary Friend,45832.1,"4 May, 1992"
TNG,121,"I, Borg",45854.2,"11 May, 1992"
TNG,122,The Next Phase,45092.4,"18 May, 1992"
TNG,123,The Inner Light,45944.1,"1 Jun, 1992"
TNG,124,Times Arrow Part 1,45959.1,"15 Jun, 1992"
TNG,125,Times Arrow Part 2,46001.3,"21 Sep, 1992"
TNG,126,Realm of Fear,46041.1,"28 Sep, 1992"
TNG,127,Man of The People,46071.6,"5 Oct, 1992"
TNG,128,Relics,46125.3,"12 Oct, 1992"
TNG,129,Schisms,46154.2,"19 Oct, 1992"
TNG,130,True Q,46192.3,"26 Oct, 1992"
TNG,131,Rascals,46235.7,"2 Nov, 1992"
TNG,132,A Fistful of Datas,46271.5,"9 Nov, 1992"
TNG,133,The Quality of Life,46307.2,"16 Nov, 1992"
TNG,134,Chain of Command Part 1,46357.4,"14 Dec, 1992"
TNG,135,Chain of Command Part 2,46360.8,"14 Dec, 1992"
TNG,136,Ship in a Bottle,46424.1,"25 Jan, 1993"
TNG,137,Aquiel,46461.3,"1 Feb, 1993"
TNG,138,Face of the Enemy,46519.1,"8 Feb, 1993"
TNG,139,Tapestry,Unknown,"15 Feb, 1993"
TNG,140,Birthright Part 1,46678.4,"22 Feb, 1993"
TNG,141,Birthright Part 2,46579.2,"1 Mar, 1993"
TNG,142,Starship Mine,46682.4,"29 Mar, 1993"
TNG,143,Lessons,46693.1,"3 Apr, 1993"
TNG,144,The Chase,46731.5,"26 Apr, 1993"
TNG,145,Frame of Mind,46778.1,"3 May, 1993"
TNG,146,Suspicions,46830.1,"10 May, 1993"
TNG,147,Rightful Heir,46852.2,"17 May, 1993"
TNG,148,Second Chances,46915.2,"24 May, 1993"
TNG,149,Timescape,46944.2,"14 Jun, 1993"
TNG,150,Descent Part 1,46982.1,"21 Jun, 1993"
TNG,151,Descent Part 2,47025.4,"20 Sep, 1993"
TNG,152,Liaisons,Unknown,"27 Sep, 1993"
TNG,153,Interface,47215.5,"4 Oct, 1993"
TNG,154,Gambit Part 1,47135.2,"11 Oct, 1993"
TNG,155,Gambit Part 2,47160.1,"18 Oct, 1993"
TNG,156,Phantasms,47225.7,"25 Oct, 1993"
TNG,157,Dark Page,47254.1,"1 Nov, 1993"
TNG,158,Attached,47304.2,"8 Nov, 1993"
TNG,159,Force of Nature,47310.2,"15 Nov, 1993"
TNG,160,Inheritance,47410.2,"22 Nov, 1993"
TNG,161,Parallels,47391.2,"29 Nov, 1993"
TNG,162,The Pegasus,47457.1,"10 Jan, 1994"
TNG,163,Homeward,47423.9,"17 Jan, 1994"
TNG,164,Sub Rosa,47423.9,"31 Jan, 1994"
TNG,165,Lower Decks,47566.7,"7 Feb, 1994"
TNG,166,Thine Own Self,47611.2,"14 Feb, 1994"
TNG,167,Masks,47615.2,"21 Feb, 1994"
TNG,168,Eye Of The Beholder,47622.1,"28 Feb, 1994"
TNG,169,Genesis,47653.2,"21 Mar, 1994"
TNG,170,Journey's End,47751.2,"28 Mar, 1994"
TNG,171,Firstborn,47779.4,"25 Apr, 1994"
TNG,172,Bloodlines,47829.1,"2 May, 1994"
TNG,173,Emergence,47869.2,"9 May, 1994"
TNG,174,Preemptive Strike,47941.7,"16 May, 1994"
TNG,175,All Good Things,47988,"23 May, 1994"
VOY,0,Caretaker,48315.6,January 16 1995
VOY,1,Parallax,48439.7,"January 23, 1995"
VOY,2,Time and Again,Unknown,January 30 1995
VOY,3,Phage,48532.4,February 6 1995
VOY,4,The Cloud,48456.2,February 13 1995
VOY,5,Eye of the Needle,48579.4,February 20 1995
VOY,6,Ex Post Facto,48610.1,February 27 1995
VOY,7,Emanations,48623.5,March 13 1995
VOY,8,Prime Factors,48642.5,March 20 1995
VOY,9,State of Flux,48658.2,April 10 1995
VOY,10,Heroes and Demons,48693.2,April 24 1995
VOY,11,Cathexis,48734.2,May 1 1995
VOY,12,Faces,448784.2,May 8 1995
VOY,13,Jetrel,48823.1,May 15 1995
VOY,14,Learning Curve,48846.5,May 22 1995
VOY,15,The 37's,48975.1,August 28 1995
VOY,16,Initiations,49005.3,September 04 1995
VOY,17,Projections,48892.1,Sep 11 1995
VOY,18,Elogium,48921.3,Sep 18 1995
VOY,19,Non Sequitur,49009.9,September 25 1995
VOY,20,Twisted,Unknown,Oct 2 1995
VOY,21,Parturition,49019.1,October 9 1995
VOY,22,Persistence of Vision,Unknown,October 30 1995
VOY,23,Tattoo,48315.6,November 6 1995
VOY,24,Cold Fire,49164.8,November 13 1995
VOY,25,Maneuvers,49208.5,November 20 1995
VOY,26,Resistance,Unknown,November 27 1995
VOY,27,Prototype,Unknown,January 15 1996
VOY,28,Alliances,49337.4,January 22 1996
VOY,29,Threshold,49373.4,January 29 1996
VOY,30,Meld,Unknown,"February 5, 1996"
VOY,31,Dreadnought,49447,February 12 1996
VOY,32,Death Wish,49301.2,February 19 1996
VOY,33,Lifesigns,49504.3,February 26 1996
VOY,34,Investigations,49485.2,March 13 1996
VOY,35,Deadlock,49548.7,March 18 1996
VOY,36,Innocence,49578.2,"April 8, 1996"
VOY,37,The Thaw,Unknown,April 29 1996
VOY,38,Tuvix,49655.2,May 6 1996
VOY,39,Resolutions,49690.1,May 13 1996
VOY,40,Basics,Unknown,"May 20 and September 4, 1996"
VOY,41,Flashback,50126.4,"November 9, 1996"
VOY,42,The Chute,50156.2,"Sept 18, 1996"
VOY,43,The Swarm,50252.3,September 25 1996
VOY,44,False Profits,50074.3,October 2 1996
VOY,45,Remember,50203.1,October 9 1996
VOY,46,Sacred Ground,50063.2,October 30 1996
VOY,47,Future's End,Unknown,6 + 13 November 1996
VOY,48,Warlord,50348.1,"November 20, 1996"
VOY,49,The Q and the Grey,50384.2,Not given
VOY,50,Macrocosm,50425.1,"December 11, 1996"
VOY,51,Fair Trade,50437.8,"January 8, 1997"
VOY,52,Alter Ego,50460.3,"January 15, 1997"
VOY,53,Coda,50518.6,"29 January, 1997"
VOY,54,Blood Fever,50537.2,"5 February, 1997"
VOY,55,Unity,50614.2,"February 12, 1997"
VOY,56,Darkling,50693.2,"19 February, 1997"
VOY,57,Rise,50567.4,"26 February, 1997"
VOY,58,Favorite Son,50589.1,"19 March, 1997"
VOY,59,Before And After,50601.9,"9th April, 1997"
VOY,60,Real Life,50836.2,"23 April, 1997"
VOY,61,Distant Origin,50899.1,"30 April, 1997"
VOY,62,Displaced,50912.4,"14 May, 1997"
VOY,63,Worst Case Scenario,50971.5,"May 7, 1997"
VOY,64,Scorpion,51001.2,"May 21st, Sept 3rd, 1997"
VOY,65,The Gift,Unknown,"10 September, 1997"
VOY,66,Day of Honor,Unknown,17 September 1997
VOY,67,Nemesis,51082.4,24 September 1997
VOY,68,Revulsion,51186.2,1 October 1997
VOY,69,The Raven,Unknown,8 October 1997
VOY,70,Scientific Method,51244.3,29 October 1997
VOY,71,Year of Hell,51268.4,5 + 12 November 1997
VOY,72,Random Thoughts,51367.2,19 November 1997
VOY,73,Concerning Flight,51386.4,"November 26, 1997"
VOY,74,Mortal Coil,51449.3,17 December 1997
VOY,75,Waking Moments,511471.3,14 January 1998
VOY,76,Message in a Bottle,Unknown,21 January 1998
VOY,77,Hunters,51501.4,11 February 1998
VOY,78,Prey,51652.3,18 February 1998
VOY,79,Retrospect,51679.4,25 February 1998
VOY,80,The Killing Game,Unknown,4 March 1998
VOY,81,Vis a Vis,51762.4,8 April 1998
VOY,82,The Omega Directive,51781.2,"April 15, 1998"
VOY,83,Unforgettable,51813.4,22 April 1998
VOY,84,Living Witness,Unknown,29 April 1998
VOY,85,Demon,Unknown,6 May 1998
VOY,86,One,51929.3,13 May 1998
VOY,87,Hope and Fear,51978.2,20 May 1998
VOY,88,Night,52081.2,14 October 1998
VOY,89,Drone,Unknown,21 October 1998
VOY,90,Extreme Risk,Unknown,28 October 1998
VOY,91,In The Flesh,52136.4,4 November 1998
VOY,92,Once Upon A Time,Unknown,11 November 1998
VOY,93,Timeless,52143.6,18 November 1998
VOY,94,Infinite Regress,52188.7,25 November 1998
VOY,95,Nothing Human,Unknown,2 December 1998
VOY,96,Thirty Days,52179.4,9 Dec 1998
VOY,97,Counterpoint,Unknown,16 December 1998
VOY,98,Latent Image,Unknown,20 January 1999
VOY,99,Bride of Chaotica!,Unknown,27 January 1999
VOY,100,Gravity,52438.9,3 February 1999
VOY,101,Bliss,52542.3,10 February 1999
VOY,102,Dark Frontier,52619.2,17 February 1999
VOY,103,The Disease,Unknown,24 February 1999
VOY,104,Course: Oblivion,52586.3,3 March 1999
VOY,105,The Fight,Unknown,24 March 1999
VOY,106,Think Tank,Unknown,31 March 1999
VOY,107,Juggernaut,Unknown,26 April 1999
VOY,108,Someone To Watch Over Me,52647,28 April 1999
VOY,109,11:59,Unknown,5 May 1999
VOY,110,Relativity,52861.274,12 May 1999
VOY,111,Warhead,Unknown,19 May 1999
VOY,112,Equinox,Unknown,26 May 1999
VOY,113,Survival Instinct,53049.2,25 September 1999
VOY,114,Barge of the Dead,Unknown,6 October 1999
VOY,115,"Tinker, Tenor, Doctor, Spy",Unknown,13 October 1999
VOY,116,Alice,Unknown,20 October 1999
VOY,117,Riddles,53263.2,3 November 1999
VOY,118,Dragon's Teeth,53167.9,"10 November, 1999"
VOY,119,One Small Step,53292.7,17 November 1999
VOY,120,The Voyager Conspiracy,53329,"24 November, 1999"
VOY,121,Pathfinder,Unknown,1 December 1999
VOY,122,Fair Haven,Unknown,12 January 2000
VOY,123,Blink Of An Eye,Unknown,19 January 2000
VOY,124,Virtuoso,53556.4,26 January 2000
VOY,125,Memorial,Unknown,2 February 2000
VOY,126,Tsunkatse,53447.2,9 February 2000
VOY,127,Collective,Unknown,16 February 2000
VOY,128,Spirit Folk,Unknown,23 February 2000
VOY,129,Ashes to Ashes,53679.4,1 March 2000
VOY,130,Child's Play,Unknown,8 March 2000
VOY,131,Good Shepherd,53753.2,15 March 2000
VOY,132,Live Fast And Prosper,53849.2,19 April 2000
VOY,133,Muse,53896,26 April 2000
VOY,134,Fury,Unknown,3 May 2000
VOY,135,Life Line,Unknown,10 May 2000
VOY,136,The Haunting of Deck Twelve,Unknown,17 May 2000
VOY,137,Unimatrix Zero,54014.4,24 May and 4 October 2000
VOY,138,Imperfection,54129.4,11 October 2000
VOY,139,Drive,54058.6,18 Oct 2000
VOY,140,Repression,54090.4,25 October 2000
VOY,141,Critical Care,Unknown,1 November 2000
VOY,142,Inside Man,54208.3,8 November 2000
VOY,143,Body and Soul,54238.3,15 November 2000
VOY,144,Nightingale,54274.7,22 November 2000
VOY,145,Flesh and Blood,Unknown,29 November 2000
VOY,146,Shattered,Unknown,17 January 2001
VOY,147,Lineage,54452.6,24 January 2001
VOY,148,Repentance,Unknown,31 January 2001
VOY,149,Prophecy,54529.8,7 February 2001
VOY,150,The Void,54553.4,14 February 2001
VOY,151,Workforce,545484.3,"21, 28 February 2001"
VOY,152,Human Error,Unknown,7 March 2001
VOY,153,Q2,54704.5,11 April 2001
VOY,154,"Author, Author",54732.3,18 April 2001
VOY,155,Friendship One,54775.4,25 April 2001
VOY,156,Natural Law,54827.7,2 May 2001
VOY,157,Homestead,54868.6,9 May 2001
VOY,158,Renaissance Man,54890.7,16 May 2001
VOY,159,Endgame,54973.4,23 May 2001
ENT,0,Broken Bow,"Apr 16, 2151","21 Sep, 2001"
ENT,1,Fight or Flight,"May 6, 2151","3 Oct, 2001"
ENT,2,Strange New World,Unknown,"10 Oct, 2001"
ENT,3,Unexpected,Unknown,"17 Oct, 2001"
ENT,4,Terra Nova,Unknown,"21 Oct, 2001"
ENT,5,The Andorian Incident,Unknown,"31 Oct, 2001"
ENT,6,Breaking The Ice,Unknown,"7 Nov, 2001"
ENT,7,Civilization,"Jul 31, 2151","14 Nov, 2001"
ENT,8,Fortunate Son,Not given,"21 Nov, 2001"
ENT,9,Cold Front,Not given,"28 Nov, 2001"
ENT,10,Silent Enemy,"Sep 1, 2151","16 Jan, 2002"
ENT,11,Dear Doctor,Not given,"23 Jan, 2002"
ENT,12,Sleeping Dogs,Not given,"30 Jan, 2002"
ENT,13,Shadows of P'Jem,Not given,"6 Feb, 2002"
ENT,14,Shuttlepod One,"9 Nov, 2151","Feb 13, 2002"
ENT,15,Fusion,Not given,"27 Feb, 2002"
ENT,16,Rogue Planet,Not given,"20 Mar, 2002"
ENT,17,Acquisition,Not given,"27 Mar, 2002"
ENT,18,Oasis,Not given,"3 Apr, 2002"
ENT,19,Detained,Not given,"24 Apr, 2002"
ENT,20,Vox Sola,Not given,"1 May, 2002"
ENT,21,Fallen Hero,"Feb 9, 2152","8 Mar, 2002"
ENT,22,Desert Crossing,"Feb 12, 2152","8 May, 2002"
ENT,23,Two Days And Two Nights,"Feb 18, 2152","15 May, 2002"
ENT,24,Shockwave Part 1,Not given,"22 May, 2002"
ENT,25,Shockwave Part 2,Not given,"18 Sep, 2002"
ENT,26,Carbon Creek,"April, 2152","25 Sep, 2002"
ENT,27,Minefield,Not given,"2 Oct, 2002"
ENT,28,Dead Stop,Not given,"9 Oct, 2002"
ENT,29,A Night In Sickbay,Not given,"16 Oct, 2002"
ENT,30,Marauders,Not given,"30 Oct, 2002"
ENT,31,The Seventh,Not given,"6 Nov, 2002"
ENT,32,The Communicator,Not given,"Nov 13, 2002"
ENT,33,Singularity,"Aug 14, 2152","20 Nov, 2002"
ENT,34,Vanishing Point,Not given,"27 Nov, 2002"
ENT,35,Precious Cargo,"Sep 12, 2152","11 Dec, 2002"
ENT,36,The Catwalk,"Sep 18, 2152","18 Dec, 2002"
ENT,37,Dawn,Not given,"8 Jan, 2003"
ENT,38,Stigma,Not given,"5 Feb, 2003"
ENT,39,Cease Fire,Not given,"12 Feb, 2003"
ENT,40,Future Tense,Not given,"19 Feb, 2003"
ENT,41,Canamar,Not given,"Feb 26, 2003"
ENT,42,The Crossing,Not given,"2 Apr, 2003"
ENT,43,Judgment,Not given,"9 Apr, 2003"
ENT,44,Horizon,"Jan 10, 2153","16 Apr, 2003"
ENT,45,The Breach,Not given,"23 Apr, 2003"
ENT,46,Cogenitor,Not given,"30 Apr, 2003"
ENT,47,Regeneration,"Mar 1, 2153","7 May, 2003"
ENT,48,First Flight,Not given,"14 May, 2003"
ENT,49,Bounty,"Mar 21, 2153","14 May, 2003"
ENT,50,The Expanse,"Apr 24, 2153","21 May, 2003"
ENT,51,The Xindi,Not given,"10 September, 2003"
ENT,52,Anomaly,Not given,"17 September, 2003"
ENT,53,Extinction,Not given,"24 September, 2003"
ENT,54,Rajiin,Not given,"1 Oct, 2003"
ENT,55,Impulse,Not given,"10 Oct, 2003"
ENT,56,Exile,Not given,"15 Oct, 2003"
ENT,57,The Shipment,Not given,"Oct 29, 2003"
ENT,58,Twilight,Not given,"5 Nov, 2003"
ENT,59,North Star,Not given,"12 Nov, 2003"
ENT,60,Similitude,Not given,"19 Nov, 2003"
ENT,61,Carpenter Street,Not given,"26 Nov, 2003"
ENT,62,Chosen Realm,Not given,"14 Jan, 2004"
ENT,63,Proving Ground,"Dec 6, 2153","21 Jan, 2004"
ENT,64,Stratagem,"Dec 12, 2153","1 Feb, 2004"
ENT,65,Harbinger,"Dec 27, 2153","11 Feb, 2004"
ENT,66,Doctor's Orders,Not given,"18 Feb, 2004"
ENT,67,Hatchery,"Jan 8, 2154","25 Feb, 2004"
ENT,68,Azati Prime,Not given,"3 Mar, 2004"
ENT,69,Damage,Not given,"21 Apr, 2004"
ENT,70,The Forgotten,Not given,"Apr 28, 2004"
ENT,71,E2,Not given,"5 May, 2004"
ENT,72,The Council,Not given,"12 May, 2004"
ENT,73,Countdown,"Feb 13, 2154","19 May, 2004"
ENT,74,Zero Hour,"Feb 14, 2154","26 May, 2004"
ENT,75,Storm Front Part 1,Not given,"8 Oct, 2004"
ENT,76,Storm Front Part 2,Not given,"15 Oct, 2004"
ENT,77,Home,Not given,"22 Oct, 2004"
ENT,78,Borderland,"May 17, 2154","29 Oct, 2004"
ENT,79,Cold Station 12,Not given,"5 Nov, 2004"
ENT,80,The Augments,"May 27, 2154","12 Nov, 2004"
ENT,81,The Forge,Not given,"19 Nov, 2004"
ENT,82,Awakening,Not given,"26 Nov, 2004"
ENT,83,Kir'Shara,Not given,"3 Dec, 2004"
ENT,84,Daedalus,Not given,"14 Jan, 2005"
ENT,85,Observer Effect,Not given,"21 Jan, 2005"
ENT,86,Babel One,"Nov 12, 2154","28 Jan, 2005"
ENT,87,United,Not given,"4 Feb, 2005"
ENT,88,The Aenar,Not given,"11 Feb, 2005"
ENT,89,Affliction,"Nov 27, 2154","18 Feb, 2005"
ENT,90,Divergence,Not given,"25 Feb, 2005"
ENT,91,Bound,"Dec 27, 2154","25 Mar, 2005"
ENT,92,In A Mirror,Not given,"22 Apr, 2005"
ENT,93,In A Mirror,Not given,"29 Apr, 2005"
ENT,94,Demons,"Jan 19, 2155","6 May, 2005"
ENT,95,Terra Prime,Not given,"13 May, 2005"
ENT,96,These Are The Voyages...,Not given,"13 May, 2005"
